<?xml version="1.0" encoding="utf-8" ?>
<Patch>


	<Operation Class="PatchOperationSequence">
    <success>Always</success>
		<operations>
			<li Class="PatchOperationTest">
			  <xpath>Defs/ThingDef[defName="Apparel_ThrumboArmor"]</xpath>
			</li>
			<li Class="PatchOperationAdd">
				<xpath>/Defs/ThingDef[defName="Apparel_ThrumboArmor"]/apparel/tags</xpath>
					<value>
						<li>GingerThrumboPawn</li>
						<li>BlondThrumboPawn</li>
					</value>
			</li>
			<li Class="PatchOperationAdd">
				<xpath>/Defs/ThingDef[defName="Apparel_ThrumboGear"]/apparel/tags</xpath>
					<value>
						<li>GingerThrumboPawn</li>
						<li>BlondThrumboPawn</li>
					</value>
			</li>
		</operations>
	</Operation>
	
</Patch>

