﻿<?xml version="1.0" encoding="utf-8" ?>
<Defs>
  
  <!--================== General =====================-->
  
  <BodyPartDef>
    <defName>SteelHead</defName>
    <label>reinforced head</label>
    <hitPoints>40</hitPoints>
    <skinCovered>true</skinCovered>
    <canSuggestAmputation>false</canSuggestAmputation>
    <bleedRate>1</bleedRate>
  </BodyPartDef>

  <BodyPartDef>
    <defName>PlasteelSkull</defName>
    <label>plasteel skull</label>
    <hitPoints>60</hitPoints>
    <permanentInjuryChanceFactor>0</permanentInjuryChanceFactor>
    <skinCovered>false</skinCovered>
    <solid>true</solid>
    <canSuggestAmputation>false</canSuggestAmputation>
    <bleedRate>0</bleedRate>
    <destroyableByDamage>false</destroyableByDamage>
  </BodyPartDef>

  <BodyPartDef>
    <defName>ModifiedBrain</defName>
    <label>tweaked brain</label>
    <hitPoints>10</hitPoints>
    <permanentInjuryChanceFactor>9999999</permanentInjuryChanceFactor>
    <delicate>true</delicate>
    <skinCovered>false</skinCovered>
    <tags>
      <li>ConsciousnessSource</li>
    </tags>
    <canSuggestAmputation>false</canSuggestAmputation>
  </BodyPartDef>

  <BodyPartDef>
    <defName>BionicNose</defName>
    <label>bionic nose</label>
    <hitPoints>10</hitPoints>
    <frostbiteVulnerability>2</frostbiteVulnerability>
    <skinCovered>true</skinCovered>
    <beautyRelated>true</beautyRelated>
    <solid>true</solid>
    <bleedRate>0</bleedRate>
    <permanentInjuryChanceFactor>0</permanentInjuryChanceFactor>
  </BodyPartDef>

  <BodyPartDef>
    <defName>SteelJaw</defName>
    <label>steel jaw</label>
    <hitPoints>20</hitPoints>
    <frostbiteVulnerability>1</frostbiteVulnerability>
    <permanentInjuryChanceFactor>0</permanentInjuryChanceFactor>
    <skinCovered>false</skinCovered>
    <solid>true</solid>
    <beautyRelated>true</beautyRelated>
    <bleedRate>0</bleedRate>
    <tags>
      <li>EatingSource</li>
      <li>TalkingSource</li>
    </tags>
  </BodyPartDef>

  <BodyPartDef>
    <defName>ReinforcedNeck</defName>
    <label>reinforcedneck</label>
    <hitPoints>30</hitPoints>
    <bleedRate>1</bleedRate>
    <skinCovered>true</skinCovered>
    <tags>
      <li>BreathingPathway</li>
      <li>EatingPathway</li>
      <li>TalkingPathway</li>
    </tags>
    <canSuggestAmputation>false</canSuggestAmputation>
  </BodyPartDef>

  <BodyPartDef>
    <defName>SteelRibcage</defName>
    <label>steel ribcage</label>
    <hitPoints>20</hitPoints>
    <permanentInjuryChanceFactor>0</permanentInjuryChanceFactor>
    <skinCovered>false</skinCovered>
    <solid>true</solid>
    <bleedRate>0</bleedRate>
    <tags>
      <li>BreathingSourceCage</li>
    </tags>
    <destroyableByDamage>false</destroyableByDamage>
  </BodyPartDef>

  <BodyPartDef>
    <defName>PlasteelSpine</defName>
    <label>plasteel spine</label>
    <hitPoints>30</hitPoints>
    <permanentInjuryChanceFactor>6</permanentInjuryChanceFactor>
    <skinCovered>false</skinCovered>
    <solid>true</solid>
    <bleedRate>0</bleedRate>
    <canSuggestAmputation>false</canSuggestAmputation>
    <tags>
      <li>Spine</li>
    </tags>
  </BodyPartDef>

  <BodyPartDef>
    <defName>SteelLeg</defName>
    <label>steel leg</label>
    <hitPoints>50</hitPoints>
    <skinCovered>true</skinCovered>
    <tags>
      <li>MovingLimbCore</li>
    </tags>
  </BodyPartDef>

  <BodyPartDef>
    <defName>SteelFoot</defName>
    <label>steel foot</label>
    <hitPoints>35</hitPoints>
    <frostbiteVulnerability>0.5</frostbiteVulnerability>
    <skinCovered>true</skinCovered>
    <tags>
      <li>MovingLimbSegment</li>
    </tags>
  </BodyPartDef>
  
  <!--================== Thrumbo specific =====================-->
  
  <BodyPartDef>
    <defName>ThrumboModifiedBody</defName>
    <label>thrumbo modified body</label>
    <hitPoints>80</hitPoints>
    <skinCovered>true</skinCovered>
  </BodyPartDef>
  
  <BodyPartDef>
    <defName>ModifiedThrumboBrain</defName>
    <label>tweaked thrumbo brain</label>
    <hitPoints>10</hitPoints>
    <permanentInjuryChanceFactor>9999999</permanentInjuryChanceFactor>
    <delicate>true</delicate>
    <skinCovered>false</skinCovered>
    <tags>
      <li>ConsciousnessSource</li>
    </tags>
    <canSuggestAmputation>false</canSuggestAmputation>
  </BodyPartDef>
  
  <BodyPartDef>
    <defName>ArchotechThrumboEye</defName>
    <label>bionic thrumbo eye</label>
    <hitPoints>20</hitPoints>
    <permanentInjuryChanceFactor>15</permanentInjuryChanceFactor>
    <delicate>true</delicate>
    <skinCovered>false</skinCovered>
    <socketed>true</socketed>
    <beautyRelated>true</beautyRelated>
    <tags>
      <li>SightSource</li>
    </tags>
    <hitChanceFactors>
      <li>
        <key>Blunt</key>
        <value>0</value>
      </li>
    </hitChanceFactors>
  </BodyPartDef>

  <BodyPartDef>
    <defName>ThrumboBionicEar</defName>
    <label>bionic ear</label>
    <hitPoints>5</hitPoints>
    <frostbiteVulnerability>2</frostbiteVulnerability>
    <skinCovered>true</skinCovered>
    <beautyRelated>true</beautyRelated>
    <tags>
      <li>HearingSource</li>
    </tags>
  </BodyPartDef>
  
  <BodyPartDef>
    <defName>PlasteelThrumboHorn</defName>
    <label>plasteel thrumbo horn</label>
    <hitPoints>40</hitPoints>
    <skinCovered>false</skinCovered>
    <solid>true</solid>
    <permanentInjuryChanceFactor>0</permanentInjuryChanceFactor>
    <alive>false</alive>
    <bleedRate>0</bleedRate>
  </BodyPartDef>
  
  <BodyPartDef>
    <defName>PlasteelBionicThrumboNose</defName>
    <label>plasteel bionic thrumbo nose</label>
    <hitPoints>10</hitPoints>
    <frostbiteVulnerability>5</frostbiteVulnerability>
    <skinCovered>true</skinCovered>
    <beautyRelated>true</beautyRelated>
    <solid>true</solid>
    <bleedRate>0</bleedRate>
    <permanentInjuryChanceFactor>0</permanentInjuryChanceFactor>
  </BodyPartDef>
  
  <BodyPartDef>
    <defName>PlasteelThrumboHead</defName>
    <label>plasteel thrumbo head</label>
    <hitPoints>40</hitPoints>
    <skinCovered>true</skinCovered>
    <canSuggestAmputation>false</canSuggestAmputation>
    <bleedRate>0.5</bleedRate>
  </BodyPartDef>
  
  <BodyPartDef>
    <defName>PlasteelThrumboNeck</defName>
    <label>plasteel thrumbo neck</label>
    <hitPoints>20</hitPoints>
    <bleedRate>1</bleedRate>
    <skinCovered>true</skinCovered>
    <tags>
      <li>BreathingPathway</li>
      <li>EatingPathway</li>
      <li>TalkingPathway</li>
    </tags>
    <canSuggestAmputation>false</canSuggestAmputation>
  </BodyPartDef>
  
  <BodyPartDef>
    <defName>BionicThrumboHeart</defName>
    <label>bionic thrumbo heart</label>
    <hitPoints>15</hitPoints>
    <bleedRate>6</bleedRate>
    <skinCovered>false</skinCovered>
    <tags>
      <li>BloodPumpingSource</li>
    </tags>
  </BodyPartDef>
  
  <BodyPartDef>
    <defName>BionicThrumboLung</defName>
    <label>bionic lung</label>
    <hitPoints>5</hitPoints>
    <skinCovered>false</skinCovered>
    <tags>
      <li>BreathingSource</li>
    </tags>
  </BodyPartDef>
  
    <BodyPartDef>
    <defName>BionicThrumboKidney</defName>
    <label>bionic kidney</label>
    <hitPoints>5</hitPoints>
    <skinCovered>false</skinCovered>
    <tags>
      <li>BloodFiltrationKidney</li>
    </tags>
  </BodyPartDef>
  
    <BodyPartDef>
    <defName>BionicThrumboLiver</defName>
    <label>bionic liver</label>
    <hitPoints>10</hitPoints>
    <skinCovered>false</skinCovered>
    <tags>
      <li>BloodFiltrationLiver</li>
    </tags>
  </BodyPartDef>
  
    <BodyPartDef>
    <defName>BionicThrumboStomach</defName>
    <label>bionic stomach</label>
    <hitPoints>10</hitPoints>
    <skinCovered>false</skinCovered>
    <tags>
      <li>MetabolismSource</li>
    </tags>
  </BodyPartDef>
  
  <BodyPartDef>
    <defName>BionicThrumboHeartAdrenalineInjector</defName>
    <label>bionic thrumbo heart adrenaline injector</label>
    <hitPoints>5</hitPoints>
    <skinCovered>false</skinCovered>
  </BodyPartDef>
  
  <BodyPartDef>
    <defName>ThrumboBloodStreamNutrientDispenser</defName>
    <label>blood stream nutrient dispenser</label>
    <hitPoints>5</hitPoints>
    <skinCovered>false</skinCovered>
  </BodyPartDef>
  
  <BodyPartDef>
    <defName>ThrumboBloodStreamNutrientFabricator</defName>
    <label>blood stream nutrient fabricator</label>
    <hitPoints>5</hitPoints>
    <skinCovered>false</skinCovered>
  </BodyPartDef>
  
  <BodyPartDef>
    <defName>PlasteelThrumboHydraulicLeg</defName>
    <label>plasteel thrumbo hydraulic leg</label>
    <hitPoints>40</hitPoints>
    <skinCovered>true</skinCovered>
    <tags>
      <li>MovingLimbCore</li>
    </tags>
  </BodyPartDef>
  
  <BodyPartDef>
    <defName>PlasteelThrumboHydraulicHoof</defName>
    <label>plasteel thrumbo hydraulic hoof</label>
    <hitPoints>30</hitPoints>
    <frostbiteVulnerability>0.1</frostbiteVulnerability>
    <skinCovered>true</skinCovered>
    <alive>false</alive>
    <bleedRate>0</bleedRate>
    <solid>true</solid>
    <permanentInjuryChanceFactor>0</permanentInjuryChanceFactor>
    <tags>
      <li>MovingLimbSegment</li>
    </tags>
  </BodyPartDef>
  
  <BodyPartDef>
    <defName>ThrumboBrainModification_TargetPriorityCalculationComputer</defName>
    <label>TPCC</label>
    <hitPoints>3</hitPoints>
    <permanentInjuryChanceFactor>9999999</permanentInjuryChanceFactor>
    <delicate>true</delicate>
    <skinCovered>false</skinCovered>
    <canSuggestAmputation>true</canSuggestAmputation>
  </BodyPartDef>
  
  <BodyPartDef>
    <defName>ThrumboBrainModification_PersonalitySpeakingSocialEmotionalEnchanter</defName>
    <label>PSSEE</label>
    <hitPoints>3</hitPoints>
    <permanentInjuryChanceFactor>9999999</permanentInjuryChanceFactor>
    <delicate>true</delicate>
    <skinCovered>false</skinCovered>
	<tags>
      <li>ConsciousnessSource</li>
    </tags>
    <canSuggestAmputation>true</canSuggestAmputation>
  </BodyPartDef>
  
  <BodyPartDef>
    <defName>ThrumboBrainModification_ProtocolLibrary</defName>
    <label>PL</label>
    <hitPoints>3</hitPoints>
    <permanentInjuryChanceFactor>9999999</permanentInjuryChanceFactor>
    <delicate>true</delicate>
    <skinCovered>false</skinCovered>
    <canSuggestAmputation>true</canSuggestAmputation>
  </BodyPartDef>
  
  <!--================== Ancient Thrumbo specific =====================-->
  
  <BodyPartDef>
    <defName>AncientThrumboBody</defName>
    <label>ancient thrumbo body</label>
    <hitPoints>40</hitPoints>
    <skinCovered>true</skinCovered>
  </BodyPartDef>
  
  <BodyPartDef>
    <defName>AncientThrumboBrainModification_PersonalitySpeakingSocialEmotionalEnchanter</defName>
    <label>PSSEE</label>
    <hitPoints>1</hitPoints>
    <permanentInjuryChanceFactor>9999999</permanentInjuryChanceFactor>
    <delicate>true</delicate>
    <skinCovered>false</skinCovered>
	<tags>
      <li>ConsciousnessSource</li>
    </tags>
    <canSuggestAmputation>true</canSuggestAmputation>
  </BodyPartDef>
  
  <BodyPartDef>
    <defName>ThrumboBrainModification_DamagedTargetPriorityCalculationComputer</defName>
    <label>DmgTPCC</label>
    <hitPoints>1</hitPoints>
    <permanentInjuryChanceFactor>9999999</permanentInjuryChanceFactor>
    <delicate>true</delicate>
    <skinCovered>false</skinCovered>
    <canSuggestAmputation>true</canSuggestAmputation>
  </BodyPartDef>
  
  <BodyPartDef>
    <defName>ThrumboBrainModification_DamagedProtocolLibrary</defName>
    <label>DmgPL</label>
    <hitPoints>1</hitPoints>
    <permanentInjuryChanceFactor>9999999</permanentInjuryChanceFactor>
    <delicate>true</delicate>
    <skinCovered>false</skinCovered>
    <canSuggestAmputation>true</canSuggestAmputation>
  </BodyPartDef>
  
</Defs>