﻿<?xml version="1.0" encoding="utf-8" ?>
<Defs>

  <!-- ==========================GingerThrumbo============================ -->

  <ThingDef ParentName="AnimalThingBase">
    <defName>GingerThrumbo</defName>
    <label>ginger thrumbo</label>
    <description>A gigantic, graceful creature of unknown origin. The thrumbo is gentle by nature, but extremely dangerous when enraged. While its long fur is exceptionally beautiful, its hide is also incredibly resistant to damage. Its razor-sharp horn fetches a huge price.\n\nLegends say that an old thrumbo is the wisest creature in the universe - it simply chooses not to speak. And this different color variation of Thrumbo is not only differently colored, but also bigger and more dangerous. It is believed these Thrumbos were geneticly made by farmers as farm/war animals, as theyr fur grows much faster and have really tastfull consumable milk. They resistence is much more higher then regular Thrumbo, and can be really dangerous.</description>
    <statBases>
      <MoveSpeed>6.4</MoveSpeed>
      <MarketValue>12500</MarketValue>
      <ComfyTemperatureMin>-85</ComfyTemperatureMin>
      <ComfyTemperatureMax>60</ComfyTemperatureMax>
      <ArmorRating_Sharp>0.70</ArmorRating_Sharp>
      <ArmorRating_Blunt>0.50</ArmorRating_Blunt>
      <ArmorRating_Heat>0.40</ArmorRating_Heat>
    </statBases>
	<uiIconScale>1.75</uiIconScale>
    <tools>
      <li>
        <label>horn</label>
        <capacities>
          <li>Scratch</li>
          <li>Stab</li>
        </capacities>
        <power>33</power>
        <cooldownTime>2</cooldownTime>
        <linkedBodyPartsGroup>HornAttackTool</linkedBodyPartsGroup>
      </li>
      <li>
        <capacities>
          <li>Bite</li>
        </capacities>
        <power>48</power>
        <cooldownTime>2.6</cooldownTime>
        <linkedBodyPartsGroup>Teeth</linkedBodyPartsGroup>
        <chanceFactor>0.7</chanceFactor>
      </li>
      <li>
        <label>left foot</label>
        <capacities>
          <li>Blunt</li>
        </capacities>
        <power>29</power>
        <cooldownTime>2</cooldownTime>
        <linkedBodyPartsGroup>FrontLeftLeg</linkedBodyPartsGroup>
      </li>
      <li>
        <label>right foot</label>
        <capacities>
          <li>Blunt</li>
        </capacities>
        <power>29</power>
        <cooldownTime>2</cooldownTime>
        <linkedBodyPartsGroup>FrontRightLeg</linkedBodyPartsGroup>
      </li>
      <li>
        <label>head</label>
        <capacities>
          <li>Blunt</li>
        </capacities>
        <power>27</power>
        <cooldownTime>2</cooldownTime>
        <linkedBodyPartsGroup>HeadAttackTool</linkedBodyPartsGroup>
        <ensureLinkedBodyPartsGroupAlwaysUsable>true</ensureLinkedBodyPartsGroupAlwaysUsable>
        <chanceFactor>0.2</chanceFactor>
      </li>
    </tools>
	<comps>
      <li Class="CompProperties_Shearable">
        <woolDef>GingerThrumboWool</woolDef>
        <shearIntervalDays>28</shearIntervalDays>
        <woolAmount>250</woolAmount>
      </li>
	  <li Class="CompProperties_Milkable">
        <milkDef>ThrumboMilk</milkDef>
        <milkIntervalDays>5</milkIntervalDays>
        <milkAmount>30</milkAmount>
      </li>
    </comps>
    <race>
      <body>QuadrupedAnimalWithHoovesAndHorn</body>
      <herdMigrationAllowed>false</herdMigrationAllowed>
      <baseBodySize>6</baseBodySize>
      <baseHungerRate>2.5</baseHungerRate>
      <baseHealthScale>14.0</baseHealthScale>
      <foodType>VegetarianRoughAnimal, DendrovoreAnimal</foodType>
      <leatherDef>GingerThrumboLeather</leatherDef>
      <trainability>Advanced</trainability>
	  <packAnimal>true</packAnimal>
      <gestationPeriodDays>40</gestationPeriodDays>
      <manhunterOnDamageChance>1.00</manhunterOnDamageChance>
      <wildness>0.585</wildness>
      <lifeExpectancy>180</lifeExpectancy>
      <lifeStageAges>
        <li>
          <def>AnimalBaby</def>
          <minAge>0</minAge>
        </li>
        <li>
          <def>AnimalJuvenile</def>
          <minAge>1.0</minAge>
        </li>
        <li>
          <def>AnimalAdult</def>
          <minAge>2.0</minAge>
          <soundCall>Pawn_Thrumbo_Call</soundCall>
          <soundAngry>Pawn_Thrumbo_Angry</soundAngry>
          <soundWounded>Pawn_Thrumbo_Pain</soundWounded>
          <soundDeath>Pawn_Thrumbo_Death</soundDeath>
        </li>
      </lifeStageAges>
      <soundMeleeHitPawn>Pawn_Melee_BigBash_HitPawn</soundMeleeHitPawn>
      <soundMeleeHitBuilding>Pawn_Melee_BigBash_HitBuilding</soundMeleeHitBuilding>
      <soundMeleeMiss>Pawn_Melee_BigBash_Miss</soundMeleeMiss>
	  <hediffGiverSets>
        <li>OrganicGingerThrumbo</li>
      </hediffGiverSets>
    </race>
    <tradeTags>
      <li>AnimalExotic</li>
    </tradeTags>
	<butcherProducts>
	    <GingerThrumboHorn>1</GingerThrumboHorn>
		<GingerThrumboWool>360</GingerThrumboWool>
	</butcherProducts>
  </ThingDef>

  <PawnKindDef ParentName="AnimalKindBase">
    <defName>GingerThrumboPawn</defName>
    <label>ginger thrumbo</label>
    <race>GingerThrumbo</race>
    <combatPower>600</combatPower>
		<canArriveManhunter>false</canArriveManhunter>
    <ecoSystemWeight>1</ecoSystemWeight>
    <lifeStages>
      <li>
        <label>ginger thrumbo calf</label>
        <labelPlural>ginger thrumbo calves</labelPlural>
        <bodyGraphicData>
          <texPath>New/MoreThrumbos_Pawns/GingerThrumbo/GingerThrumbo</texPath>
          <drawSize>3.0</drawSize>
          <shadowData>
            <volume>(0.4, 0.3, 0.3)</volume>
            <offset>(0,0,-0.2)</offset>
          </shadowData>
        </bodyGraphicData>
        <dessicatedBodyGraphicData>
          <texPath>New/MoreThrumbos_Dessicated/DessicatedGingerThrumbo/DessicatedGingerThrumbo</texPath>
          <drawSize>3.5</drawSize>
        </dessicatedBodyGraphicData>
      </li>
      <li>
        <bodyGraphicData>
          <texPath>New/MoreThrumbos_Pawns/GingerThrumbo/GingerThrumbo</texPath>
          <drawSize>5.0</drawSize>
          <shadowData>
            <volume>(0.7, 0.6, 0.4)</volume>
            <offset>(0,0,-0.25)</offset>
          </shadowData>
        </bodyGraphicData>
        <dessicatedBodyGraphicData>
          <texPath>New/MoreThrumbos_Dessicated/DessicatedGingerThrumbo/DessicatedGingerThrumbo</texPath>
          <drawSize>4.0</drawSize>
        </dessicatedBodyGraphicData>
      </li>
      <li>
        <bodyGraphicData>
          <texPath>New/MoreThrumbos_Pawns/GingerThrumbo/GingerThrumbo</texPath>
          <drawSize>6.2</drawSize>
          <shadowData>
            <volume>(1, 0.8, 0.5)</volume>
            <offset>(0,0,-0.5)</offset>
          </shadowData>
        </bodyGraphicData>
        <dessicatedBodyGraphicData>
          <texPath>New/MoreThrumbos_Dessicated/DessicatedGingerThrumbo/DessicatedGingerThrumbo</texPath>
          <drawSize>4.8</drawSize>
        </dessicatedBodyGraphicData>
        <butcherBodyPart>
          <bodyPartGroup>HornAttackTool</bodyPartGroup>
          <thing>GingerThrumboHorn</thing>
        </butcherBodyPart>
      </li>
    </lifeStages>
  </PawnKindDef>
  
  <!-- ==========================BlondThrumbo============================ -->

  <ThingDef ParentName="AnimalThingBase">
    <defName>BlondThrumbo</defName>
    <label>Blond thrumbo</label>
    <description>A gigantic, graceful creature of unknown origin. The thrumbo is gentle by nature, but extremely dangerous when enraged. While its long fur is exceptionally beautiful, its hide is also incredibly resistant to damage. Its razor-sharp horn fetches a huge price.\n\nLegends say that an old thrumbo is the wisest creature in the universe - it simply chooses not to speak. And this different color variation of Thrumbo is not only differently colored, but also bigger and more dangerous. It is believed these Thrumbos were geneticly made by farmers as farm/war animals, as theyr fur grows much faster and have really tastfull consumable milk. They resistence is much more higher then regular Thrumbo, and can be really dangerous.</description>
    <statBases>
      <MoveSpeed>7.8</MoveSpeed>
      <MarketValue>8800</MarketValue>
      <ComfyTemperatureMin>-85</ComfyTemperatureMin>
      <ComfyTemperatureMax>60</ComfyTemperatureMax>
      <ArmorRating_Sharp>0.60</ArmorRating_Sharp>
      <ArmorRating_Blunt>0.40</ArmorRating_Blunt>
      <ArmorRating_Heat>0.60</ArmorRating_Heat>
    </statBases>
	<uiIconScale>1.75</uiIconScale>
    <tools>
      <li>
        <label>horn</label>
        <capacities>
          <li>Scratch</li>
          <li>Stab</li>
        </capacities>
        <power>25</power>
        <cooldownTime>1.4</cooldownTime>
        <linkedBodyPartsGroup>HornAttackTool</linkedBodyPartsGroup>
      </li>
      <li>
        <capacities>
          <li>Bite</li>
        </capacities>
        <power>38</power>
        <cooldownTime>1.6</cooldownTime>
        <linkedBodyPartsGroup>Teeth</linkedBodyPartsGroup>
        <chanceFactor>0.7</chanceFactor>
      </li>
      <li>
        <label>left foot</label>
        <capacities>
          <li>Blunt</li>
        </capacities>
        <power>18</power>
        <cooldownTime>1.4</cooldownTime>
        <linkedBodyPartsGroup>FrontLeftLeg</linkedBodyPartsGroup>
      </li>
      <li>
        <label>right foot</label>
        <capacities>
          <li>Blunt</li>
        </capacities>
        <power>18</power>
        <cooldownTime>1.4</cooldownTime>
        <linkedBodyPartsGroup>FrontRightLeg</linkedBodyPartsGroup>
      </li>
      <li>
        <label>head</label>
        <capacities>
          <li>Blunt</li>
        </capacities>
        <power>19</power>
        <cooldownTime>1.4</cooldownTime>
        <linkedBodyPartsGroup>HeadAttackTool</linkedBodyPartsGroup>
        <ensureLinkedBodyPartsGroupAlwaysUsable>true</ensureLinkedBodyPartsGroupAlwaysUsable>
        <chanceFactor>0.2</chanceFactor>
      </li>
    </tools>
	<comps>
      <li Class="CompProperties_Shearable">
        <woolDef>BlondThrumboWool</woolDef>
        <shearIntervalDays>24</shearIntervalDays>
        <woolAmount>220</woolAmount>
      </li>
	  <li Class="CompProperties_Milkable">
        <milkDef>ThrumboMilk</milkDef>
        <milkIntervalDays>5</milkIntervalDays>
        <milkAmount>20</milkAmount>
      </li>
    </comps>
    <race>
      <body>QuadrupedAnimalWithHoovesAndHorn</body>
      <herdMigrationAllowed>false</herdMigrationAllowed>
      <baseBodySize>5</baseBodySize>
      <baseHungerRate>2.1</baseHungerRate>
      <baseHealthScale>12.0</baseHealthScale>
      <foodType>VegetarianRoughAnimal, DendrovoreAnimal</foodType>
      <leatherDef>BlondThrumboLeather</leatherDef>
      <trainability>Advanced</trainability>
	  <packAnimal>true</packAnimal>
      <gestationPeriodDays>30</gestationPeriodDays>
      <manhunterOnDamageChance>0.80</manhunterOnDamageChance>
      <wildness>0.485</wildness>
      <lifeExpectancy>480</lifeExpectancy>
      <lifeStageAges>
        <li>
          <def>AnimalBaby</def>
          <minAge>0</minAge>
        </li>
        <li>
          <def>AnimalJuvenile</def>
          <minAge>0.8</minAge>
        </li>
        <li>
          <def>AnimalAdult</def>
          <minAge>1.4</minAge>
          <soundCall>Pawn_Thrumbo_Call</soundCall>
          <soundAngry>Pawn_Thrumbo_Angry</soundAngry>
          <soundWounded>Pawn_Thrumbo_Pain</soundWounded>
          <soundDeath>Pawn_Thrumbo_Death</soundDeath>
        </li>
      </lifeStageAges>
      <soundMeleeHitPawn>Pawn_Melee_BigBash_HitPawn</soundMeleeHitPawn>
      <soundMeleeHitBuilding>Pawn_Melee_BigBash_HitBuilding</soundMeleeHitBuilding>
      <soundMeleeMiss>Pawn_Melee_BigBash_Miss</soundMeleeMiss>
	  <hediffGiverSets>
        <li>OrganicBlondThrumbo</li>
      </hediffGiverSets>
    </race>
    <tradeTags>
      <li>AnimalExotic</li>
    </tradeTags>
	<butcherProducts>
	    <BlondThrumboHorn>1</BlondThrumboHorn>
		<BlondThrumboWool>260</BlondThrumboWool>
	</butcherProducts>
  </ThingDef>

  <PawnKindDef ParentName="AnimalKindBase">
    <defName>BlondThrumboPawn</defName>
    <label>Blond thrumbo</label>
    <race>BlondThrumbo</race>
    <combatPower>500</combatPower>
		<canArriveManhunter>false</canArriveManhunter>
    <ecoSystemWeight>1</ecoSystemWeight>
    <lifeStages>
      <li>
        <label>Blond thrumbo calf</label>
        <labelPlural>blond thrumbo calves</labelPlural>
        <bodyGraphicData>
          <texPath>New/MoreThrumbos_Pawns/BlondThrumbo/BlondThrumbo</texPath>
          <drawSize>1.5</drawSize>
          <shadowData>
            <volume>(0.4, 0.3, 0.3)</volume>
            <offset>(0,0,-0.2)</offset>
          </shadowData>
        </bodyGraphicData>
        <dessicatedBodyGraphicData>
          <texPath>New/MoreThrumbos_Dessicated/DessicatedBlondThrumbo/DessicatedBlondThrumbo</texPath>
          <drawSize>1.0</drawSize>
        </dessicatedBodyGraphicData>
      </li>
      <li>
        <bodyGraphicData>
          <texPath>New/MoreThrumbos_Pawns/BlondThrumbo/BlondThrumbo</texPath>
          <drawSize>3.5</drawSize>
          <shadowData>
            <volume>(0.7, 0.6, 0.4)</volume>
            <offset>(0,0,-0.25)</offset>
          </shadowData>
        </bodyGraphicData>
        <dessicatedBodyGraphicData>
          <texPath>New/MoreThrumbos_Dessicated/DessicatedBlondThrumbo/DessicatedBlondThrumbo</texPath>
          <drawSize>3.0</drawSize>
        </dessicatedBodyGraphicData>
      </li>
      <li>
        <bodyGraphicData>
          <texPath>New/MoreThrumbos_Pawns/BlondThrumbo/BlondThrumbo</texPath>
          <drawSize>4.5</drawSize>
          <shadowData>
            <volume>(1, 0.8, 0.5)</volume>
            <offset>(0,0,-0.5)</offset>
          </shadowData>
        </bodyGraphicData>
        <dessicatedBodyGraphicData>
          <texPath>New/MoreThrumbos_Dessicated/DessicatedBlondThrumbo/DessicatedBlondThrumbo</texPath>
          <drawSize>4.0</drawSize>
        </dessicatedBodyGraphicData>
        <butcherBodyPart>
          <bodyPartGroup>HornAttackTool</bodyPartGroup>
          <thing>BlondThrumboHorn</thing>
        </butcherBodyPart>
      </li>
    </lifeStages>
  </PawnKindDef>
  
  <!--====================== Bionic Damaged Thrumbo ===========================-->
  
  <ThingDef ParentName="AnimalThingBase">
    <defName>BionicDamagedThrumbo</defName>
    <label>bionic damaged thrumbo</label>
    <description>This gigantic, graceful creature of unknown origin. This one is different tho, raised by mechnaoids Alpha that experiment on it, removing most biological parts and replacing them with bionic or better equipment. Alpha shaped briliant machine of war, inbuilded aasembler capable of producing another bionic Thrumbos. It just need male still as brain is soemthign what inbuilded assemled is not capable of reproducing and can only modify beaby. Thse creatures are extremly dangerous as they have full plasteel skelleton, hydraulic hoof and jaw. Inbuilded nutrient dispenser that shaping and deploing nutriets to blood stream making sure these animals neds to "refill/eat" after very long period of time. Sometimes when old enought, you can see them in wild wandering while some or most of theyr pieces are missing, unable to die as all mechanical parts keeps them alive.</description>
    <statBases>
      <MoveSpeed>5.5</MoveSpeed>
      <MarketValue>9000</MarketValue>
      <ComfyTemperatureMin>-80</ComfyTemperatureMin>
      <ComfyTemperatureMax>60</ComfyTemperatureMax>
      <ArmorRating_Sharp>1.55</ArmorRating_Sharp>
      <ArmorRating_Blunt>1.75</ArmorRating_Blunt>
      <ArmorRating_Heat>0.45</ArmorRating_Heat>
    </statBases>
	<uiIconScale>1.75</uiIconScale>
    <tools>
      <li>
        <label>plasteel horn</label>
        <capacities>
          <li>Scratch</li>
          <li>Stab</li>
        </capacities>
        <power>45</power>
        <cooldownTime>2</cooldownTime>
        <linkedBodyPartsGroup>PlasteelHornAttackTool</linkedBodyPartsGroup>
      </li>
      <li>
        <capacities>
          <li>Bite</li>
        </capacities>
        <power>25</power>
        <cooldownTime>2.6</cooldownTime>
        <linkedBodyPartsGroup>SteelTeeth</linkedBodyPartsGroup>
        <chanceFactor>0.7</chanceFactor>
      </li>
      <li>
        <label>left hydraulic foot</label>
        <capacities>
          <li>Blunt</li>
        </capacities>
        <power>35</power>
        <cooldownTime>2</cooldownTime>
        <linkedBodyPartsGroup>FrontLeftPlasteelHydraulicLeg</linkedBodyPartsGroup>
      </li>
      <li>
        <label>right hydraulic foot</label>
        <capacities>
          <li>Blunt</li>
        </capacities>
        <power>35</power>
        <cooldownTime>2</cooldownTime>
        <linkedBodyPartsGroup>FrontRightPlasteelHydraulicLeg</linkedBodyPartsGroup>
      </li>
      <li>
        <label>head</label>
        <capacities>
          <li>Blunt</li>
        </capacities>
        <power>25</power>
        <cooldownTime>2</cooldownTime>
        <linkedBodyPartsGroup>PlasteelHeadAttackTool</linkedBodyPartsGroup>
        <ensureLinkedBodyPartsGroupAlwaysUsable>true</ensureLinkedBodyPartsGroupAlwaysUsable>
        <chanceFactor>0.2</chanceFactor>
      </li>
    </tools>
    <race>
      <body>AncientThrumboQuadrupedAnimalWithHoovesAndHorn</body>
      <herdMigrationAllowed>true</herdMigrationAllowed>
      <baseBodySize>4</baseBodySize>
      <baseHungerRate>0.01</baseHungerRate>
      <baseHealthScale>10.0</baseHealthScale>
      <foodType>VegetarianRoughAnimal, DendrovoreAnimal</foodType>
	  <meatLabel>Thrumbo Meat</meatLabel>
      <leatherDef>Leather_Thrumbo</leatherDef>
      <trainability>Advanced</trainability>
      <gestationPeriodDays>20</gestationPeriodDays>
      <manhunterOnDamageChance>1.00</manhunterOnDamageChance>
      <wildness>0.485</wildness>
      <lifeExpectancy>3820</lifeExpectancy>
      <lifeStageAges>
        <li>
          <def>AnimalBaby</def>
          <minAge>0</minAge>
        </li>
        <li>
          <def>AnimalJuvenile</def>
          <minAge>0.5</minAge>
        </li>
        <li>
          <def>AnimalAdult</def>
          <minAge>1.0</minAge>
          <soundCall>Pawn_Thrumbo_Call</soundCall>
          <soundAngry>Pawn_Thrumbo_Angry</soundAngry>
          <soundWounded>Pawn_Thrumbo_Pain</soundWounded>
          <soundDeath>Pawn_Thrumbo_Death</soundDeath>
        </li>
      </lifeStageAges>
      <soundMeleeHitPawn>Pawn_Melee_BigBash_HitPawn</soundMeleeHitPawn>
      <soundMeleeHitBuilding>Pawn_Melee_BigBash_HitBuilding</soundMeleeHitBuilding>
      <soundMeleeMiss>Pawn_Melee_BigBash_Miss</soundMeleeMiss>
    </race>
    <tradeTags>
      <li>AnimalExotic</li>
    </tradeTags>
	<butcherProducts>
	    <BionicHeart>1</BionicHeart>
		<ArchotechEye>2</ArchotechEye>
		<AncientBionicThrumboHorn>1</AncientBionicThrumboHorn>
		<Plasteel>150</Plasteel>
		<Steel>200</Steel>
		<Silver>150</Silver>
		<ComponentSpacer>2</ComponentSpacer>
        <ComponentIndustrial>8</ComponentIndustrial>
	</butcherProducts>
  </ThingDef>

  <PawnKindDef ParentName="AnimalKindBase">
    <defName>BionicDamagedThrumboPawn</defName>
    <label>bionic damaged thrumbo</label>
    <race>BionicDamagedThrumbo</race>
    <combatPower>250</combatPower>
	<canArriveManhunter>true</canArriveManhunter>
    <ecoSystemWeight>1</ecoSystemWeight>
    <lifeStages>
      <li>
        <label>thrumbo assembly</label>
        <labelPlural>thrumbo assembly</labelPlural>
        <bodyGraphicData>
          <texPath>New/MoreThrumbos_Pawns/BionicThrumbo/BionicDamagedThrumbo6</texPath>
          <drawSize>3.0</drawSize>
          <shadowData>
            <volume>(0.4, 0.3, 0.3)</volume>
            <offset>(0,0,-0.2)</offset>
          </shadowData>
        </bodyGraphicData>
        <dessicatedBodyGraphicData>
          <texPath>New/MoreThrumbos_Dessicated/DessicatedBionicThrumbo/DessicatedDamagedBionicThrumbo</texPath>
          <drawSize>2.5</drawSize>
        </dessicatedBodyGraphicData>
      </li>
      <li>
        <bodyGraphicData>
          <texPath>New/MoreThrumbos_Pawns/BionicThrumbo/BionicDamagedThrumbo6</texPath>
          <drawSize>5.6</drawSize>
          <shadowData>
            <volume>(0.7, 0.6, 0.4)</volume>
            <offset>(0,0,-0.25)</offset>
          </shadowData>
        </bodyGraphicData>
        <dessicatedBodyGraphicData>
          <texPath>New/MoreThrumbos_Dessicated/DessicatedBionicThrumbo/DessicatedDamagedBionicThrumbo</texPath>
          <drawSize>5.2</drawSize>
        </dessicatedBodyGraphicData>
      </li>
      <li>
        <bodyGraphicData>
          <texPath>New/MoreThrumbos_Pawns/BionicThrumbo/BionicDamagedThrumbo6</texPath>
          <drawSize>6.5</drawSize>
          <shadowData>
            <volume>(1, 0.8, 0.5)</volume>
            <offset>(0,0,-0.5)</offset>
          </shadowData>
        </bodyGraphicData>
        <dessicatedBodyGraphicData>
          <texPath>New/MoreThrumbos_Dessicated/DessicatedBionicThrumbo/DessicatedDamagedBionicThrumbo</texPath>
          <drawSize>6.0</drawSize>
        </dessicatedBodyGraphicData>
        <butcherBodyPart>
          <bodyPartGroup>HornAttackTool</bodyPartGroup>
          <thing>BionicThrumboHorn</thing>
        </butcherBodyPart>
      </li>
    </lifeStages>
  </PawnKindDef>
  
  <!--====================== Bionic Thumbo ===========================-->
  
  <ThingDef ParentName="AnimalThingBase">
    <defName>BionicThrumbo</defName>
    <label>bionic thrumbo</label>
    <description>This gigantic, graceful creature of unknown origin. This one is different tho, raised by mechnaoids Alpha that experiment on it, removing most biological parts and replacing them with bionic or better equipment. Alpha shaped briliant machine of war, inbuilded aasembler capable of producing another bionic Thrumbos. It just need male still as brain is soemthign what inbuilded assemled is not capable of reproducing and can only modify beaby. Thse creatures are extremly dangerous as they have full plasteel skelleton, hydraulic hoof and jaw. Inbuilded nutrient dispenser that shaping and deploing nutriets to blood stream making sure these animals neds to "refill/eat" after very long period of time. Sometimes when old enought, you can see them in wild wandering while some or most of theyr pieces are missing, unable to die as all mechanical parts keeps them alive.</description>
    <statBases>
      <MoveSpeed>8.5</MoveSpeed>
      <MarketValue>8000</MarketValue>
      <ComfyTemperatureMin>-85</ComfyTemperatureMin>
      <ComfyTemperatureMax>50</ComfyTemperatureMax>
      <ArmorRating_Sharp>1.40</ArmorRating_Sharp>
      <ArmorRating_Blunt>1.40</ArmorRating_Blunt>
      <ArmorRating_Heat>1.20</ArmorRating_Heat>
    </statBases>
	<uiIconScale>1.75</uiIconScale>
    <tools>
      <li>
        <label>plasteel horn</label>
        <capacities>
          <li>Scratch</li>
          <li>Stab</li>
        </capacities>
        <power>50</power>
        <cooldownTime>2</cooldownTime>
        <linkedBodyPartsGroup>PlasteelHornAttackTool</linkedBodyPartsGroup>
      </li>
      <li>
        <capacities>
          <li>Bite</li>
        </capacities>
        <power>40</power>
        <cooldownTime>2.6</cooldownTime>
        <linkedBodyPartsGroup>SteelTeeth</linkedBodyPartsGroup>
        <chanceFactor>0.7</chanceFactor>
      </li>
      <li>
        <label>left foot</label>
        <capacities>
          <li>Blunt</li>
        </capacities>
        <power>40</power>
        <cooldownTime>2</cooldownTime>
        <linkedBodyPartsGroup>FrontLeftPlasteelHydraulicLeg</linkedBodyPartsGroup>
      </li>
      <li>
        <label>right foot</label>
        <capacities>
          <li>Blunt</li>
        </capacities>
        <power>40</power>
        <cooldownTime>2</cooldownTime>
        <linkedBodyPartsGroup>FrontRightPlasteelHydraulicLeg</linkedBodyPartsGroup>
      </li>
      <li>
        <label>plasteel head</label>
        <capacities>
          <li>Blunt</li>
        </capacities>
        <power>30</power>
        <cooldownTime>2</cooldownTime>
        <linkedBodyPartsGroup>PlasteelHeadAttackTool</linkedBodyPartsGroup>
        <ensureLinkedBodyPartsGroupAlwaysUsable>true</ensureLinkedBodyPartsGroupAlwaysUsable>
        <chanceFactor>0.2</chanceFactor>
      </li>
    </tools>
	<comps>
      <li Class="CompProperties_Shearable">
        <woolDef>Hyperweave</woolDef>
        <shearIntervalDays>36</shearIntervalDays>
        <woolAmount>240</woolAmount>
      </li>
    </comps>
    <race>
      <body>BionicThrumboQuadrupedAnimalWithHoovesAndHorn</body>
      <herdMigrationAllowed>true</herdMigrationAllowed>
      <baseBodySize>4</baseBodySize>
      <baseHungerRate>0.01</baseHungerRate>
      <baseHealthScale>16.0</baseHealthScale>
      <foodType>VegetarianRoughAnimal, DendrovoreAnimal</foodType>
	  <meatLabel>Thrumbo Meat</meatLabel>
      <leatherDef>Leather_Thrumbo</leatherDef>
      <trainability>Advanced</trainability>
      <gestationPeriodDays>20</gestationPeriodDays>
      <manhunterOnDamageChance>1.00</manhunterOnDamageChance>
      <wildness>0.685</wildness>
      <lifeExpectancy>2820</lifeExpectancy>
      <lifeStageAges>
        <li>
          <def>AnimalBaby</def>
          <minAge>0</minAge>
        </li>
        <li>
          <def>AnimalJuvenile</def>
          <minAge>0.5</minAge>
        </li>
        <li>
          <def>AnimalAdult</def>
          <minAge>1.0</minAge>
          <soundCall>Pawn_Thrumbo_Call</soundCall>
          <soundAngry>Pawn_Thrumbo_Angry</soundAngry>
          <soundWounded>Pawn_Thrumbo_Pain</soundWounded>
          <soundDeath>Pawn_Thrumbo_Death</soundDeath>
        </li>
      </lifeStageAges>
      <soundMeleeHitPawn>Pawn_Melee_BigBash_HitPawn</soundMeleeHitPawn>
      <soundMeleeHitBuilding>Pawn_Melee_BigBash_HitBuilding</soundMeleeHitBuilding>
      <soundMeleeMiss>Pawn_Melee_BigBash_Miss</soundMeleeMiss>
    </race>
    <tradeTags>
      <li>AnimalExotic</li>
    </tradeTags>
	<butcherProducts>
	    <BionicHeart>1</BionicHeart>
		<ArchotechEye>2</ArchotechEye>
		<Plasteel>100</Plasteel>
		<Steel>250</Steel>
		<Silver>150</Silver>
		<ComponentSpacer>2</ComponentSpacer>
        <ComponentIndustrial>8</ComponentIndustrial>
	    <BionicThrumboHorn>1</BionicThrumboHorn>
		<Hyperweave>360</Hyperweave>
	</butcherProducts>
  </ThingDef>

  <PawnKindDef ParentName="AnimalKindBase">
    <defName>BionicThrumboPawn</defName>
    <label>bionic thrumbo</label>
    <race>BionicThrumbo</race>
    <combatPower>800</combatPower>
	<canArriveManhunter>true</canArriveManhunter>
    <ecoSystemWeight>1</ecoSystemWeight>
    <lifeStages>
      <li>
        <label>bionic thrumbo calf</label>
        <labelPlural>bionic thrumbo calves</labelPlural>
        <bodyGraphicData>
          <texPath>New/MoreThrumbos_Pawns/BionicThrumbo/BionicThrumbo</texPath>
          <drawSize>2.0</drawSize>
          <shadowData>
            <volume>(0.4, 0.3, 0.3)</volume>
            <offset>(0,0,-0.2)</offset>
          </shadowData>
        </bodyGraphicData>
        <dessicatedBodyGraphicData>
          <texPath>New/MoreThrumbos_Dessicated/DessicatedBionicThrumbo/DessicatedBionicThrumbo</texPath>
          <drawSize>1.5</drawSize>
        </dessicatedBodyGraphicData>
      </li>
      <li>
        <bodyGraphicData>
          <texPath>New/MoreThrumbos_Pawns/BionicThrumbo/BionicThrumbo</texPath>
          <drawSize>4.6</drawSize>
          <shadowData>
            <volume>(0.7, 0.6, 0.4)</volume>
            <offset>(0,0,-0.25)</offset>
          </shadowData>
        </bodyGraphicData>
        <dessicatedBodyGraphicData>
          <texPath>New/MoreThrumbos_Dessicated/DessicatedBionicThrumbo/DessicatedBionicThrumbo</texPath>
          <drawSize>4.2</drawSize>
        </dessicatedBodyGraphicData>
      </li>
      <li>
        <bodyGraphicData>
          <texPath>New/MoreThrumbos_Pawns/BionicThrumbo/BionicThrumbo</texPath>
          <drawSize>6.0</drawSize>
          <shadowData>
            <volume>(1, 0.8, 0.5)</volume>
            <offset>(0,0,-0.5)</offset>
          </shadowData>
        </bodyGraphicData>
        <dessicatedBodyGraphicData>
          <texPath>New/MoreThrumbos_Dessicated/DessicatedBionicThrumbo/DessicatedBionicThrumbo</texPath>
          <drawSize>5.6</drawSize>
        </dessicatedBodyGraphicData>
        <butcherBodyPart>
          <bodyPartGroup>HornAttackTool</bodyPartGroup>
          <thing>BionicThrumboHorn</thing>
        </butcherBodyPart>
      </li>
    </lifeStages>
  </PawnKindDef>
  
  <!-- ==========================BlackThrumbo============================ -->

  <ThingDef ParentName="AnimalThingBase">
    <defName>BlackThrumbo</defName>
    <label>black thrumbo</label>
    <description>A gigantic, graceful creature of unknown origin, for this one it is believed to be coming from supernatural rifts in space and time. The thrumbo is gentle by nature, but extremely dangerous when enraged. While its long fur is exceptionally beautiful, its hide is also incredibly resistant to damage. Its razor-sharp horn fetches a huge price.\n\nLegends say that an old thrumbo is the wisest creature in the universe - it simply chooses not to speak. And this different color variation of Thrumbo is not only differently colored, but also bigger and more dangerous. It is believed these Thrumbos were geneticly made by farmers as farm/war animals, as theyr fur grows much faster and have really tastfull consumable milk. They resistence is much more higher then regular Thrumbo, and can be really dangerous.</description>
    <statBases>
      <MoveSpeed>6.9</MoveSpeed>
      <MarketValue>78500</MarketValue>
      <ComfyTemperatureMin>-85</ComfyTemperatureMin>
      <ComfyTemperatureMax>60</ComfyTemperatureMax>
      <ArmorRating_Sharp>1.25</ArmorRating_Sharp>
      <ArmorRating_Blunt>0.85</ArmorRating_Blunt>
      <ArmorRating_Heat>0.65</ArmorRating_Heat>
    </statBases>
	<uiIconScale>1.75</uiIconScale>
    <tools>
      <li>
        <label>horn</label>
        <capacities>
          <li>Scratch</li>
          <li>Stab</li>
        </capacities>
        <power>60</power>
        <cooldownTime>2</cooldownTime>
        <linkedBodyPartsGroup>HornAttackTool</linkedBodyPartsGroup>
      </li>
      <li>
        <capacities>
          <li>Bite</li>
        </capacities>
        <power>54</power>
        <cooldownTime>2.6</cooldownTime>
        <linkedBodyPartsGroup>Teeth</linkedBodyPartsGroup>
        <chanceFactor>0.7</chanceFactor>
      </li>
      <li>
        <label>left foot</label>
        <capacities>
          <li>Blunt</li>
        </capacities>
        <power>36</power>
        <cooldownTime>2</cooldownTime>
        <linkedBodyPartsGroup>FrontLeftLeg</linkedBodyPartsGroup>
      </li>
      <li>
        <label>right foot</label>
        <capacities>
          <li>Blunt</li>
        </capacities>
        <power>36</power>
        <cooldownTime>2</cooldownTime>
        <linkedBodyPartsGroup>FrontRightLeg</linkedBodyPartsGroup>
      </li>
      <li>
        <label>head</label>
        <capacities>
          <li>Blunt</li>
        </capacities>
        <power>36</power>
        <cooldownTime>2</cooldownTime>
        <linkedBodyPartsGroup>HeadAttackTool</linkedBodyPartsGroup>
        <ensureLinkedBodyPartsGroupAlwaysUsable>true</ensureLinkedBodyPartsGroupAlwaysUsable>
        <chanceFactor>0.2</chanceFactor>
      </li>
    </tools>
	<comps>
      <li Class="CompProperties_Shearable">
        <woolDef>BlackThrumboWool</woolDef>
        <shearIntervalDays>21</shearIntervalDays>
        <woolAmount>320</woolAmount>
      </li>
	  <li Class="CompProperties_Milkable">
        <milkDef>ThrumboMilk</milkDef>
        <milkIntervalDays>5</milkIntervalDays>
        <milkAmount>30</milkAmount>
      </li>
    </comps>
    <race>
      <body>QuadrupedAnimalWithHoovesAndHorn</body>
      <herdMigrationAllowed>false</herdMigrationAllowed>
      <baseBodySize>7</baseBodySize>
      <baseHungerRate>2.5</baseHungerRate>
      <baseHealthScale>40.0</baseHealthScale>
      <foodType>VegetarianRoughAnimal, DendrovoreAnimal</foodType>
      <leatherDef>GingerThrumboLeather</leatherDef>
      <trainability>Advanced</trainability>
	  <packAnimal>true</packAnimal>
      <gestationPeriodDays>30</gestationPeriodDays>
      <manhunterOnDamageChance>1.00</manhunterOnDamageChance>
      <wildness>0.785</wildness>
      <lifeExpectancy>1850</lifeExpectancy>
      <lifeStageAges>
        <li>
          <def>AnimalBaby</def>
          <minAge>0</minAge>
        </li>
        <li>
          <def>AnimalJuvenile</def>
          <minAge>0.5</minAge>
        </li>
        <li>
          <def>AnimalAdult</def>
          <minAge>1.0</minAge>
          <soundCall>Pawn_Thrumbo_Call</soundCall>
          <soundAngry>Pawn_Thrumbo_Angry</soundAngry>
          <soundWounded>Pawn_Thrumbo_Pain</soundWounded>
          <soundDeath>Pawn_Thrumbo_Death</soundDeath>
        </li>
      </lifeStageAges>
      <soundMeleeHitPawn>Pawn_Melee_BigBash_HitPawn</soundMeleeHitPawn>
      <soundMeleeHitBuilding>Pawn_Melee_BigBash_HitBuilding</soundMeleeHitBuilding>
      <soundMeleeMiss>Pawn_Melee_BigBash_Miss</soundMeleeMiss>
	  <hediffGiverSets>
        <li>OrganicGingerThrumbo</li>
      </hediffGiverSets>
    </race>
    <tradeTags>
      <li>AnimalExotic</li>
    </tradeTags>
	<butcherProducts>
	    <BlackThrumboHorn>1</BlackThrumboHorn>
		<BlackThrumboWool>360</BlackThrumboWool>
	</butcherProducts>
  </ThingDef>

  <PawnKindDef ParentName="AnimalKindBase">
    <defName>BlackThrumboPawn</defName>
    <label>black thrumbo</label>
    <race>BlackThrumbo</race>
    <combatPower>600</combatPower>
		<canArriveManhunter>false</canArriveManhunter>
    <ecoSystemWeight>1</ecoSystemWeight>
    <lifeStages>
      <li>
        <label>black thrumbo calf</label>
        <labelPlural>black thrumbo calves</labelPlural>
        <bodyGraphicData>
          <texPath>New/MoreThrumbos_Pawns/BlackThrumbo/BlackThrumbo</texPath>
          <drawSize>1.5</drawSize>
          <shadowData>
            <volume>(0.4, 0.3, 0.3)</volume>
            <offset>(0,0,-0.2)</offset>
          </shadowData>
        </bodyGraphicData>
        <dessicatedBodyGraphicData>
          <texPath>New/MoreThrumbos_Dessicated/DessicatedBlackThrumbo/DessicatedBlackThrumbo</texPath>
          <drawSize>3.5</drawSize>
        </dessicatedBodyGraphicData>
      </li>
      <li>
        <bodyGraphicData>
          <texPath>New/MoreThrumbos_Pawns/BlackThrumbo/BlackThrumbo</texPath>
          <drawSize>5.0</drawSize>
          <shadowData>
            <volume>(0.7, 0.6, 0.4)</volume>
            <offset>(0,0,-0.25)</offset>
          </shadowData>
        </bodyGraphicData>
        <dessicatedBodyGraphicData>
          <texPath>New/MoreThrumbos_Dessicated/DessicatedBlackThrumbo/DessicatedBlackThrumbo</texPath>
          <drawSize>4.0</drawSize>
        </dessicatedBodyGraphicData>
      </li>
      <li>
        <bodyGraphicData>
          <texPath>New/MoreThrumbos_Pawns/BlackThrumbo/BlackThrumbo</texPath>
          <drawSize>6.5</drawSize>
          <shadowData>
            <volume>(1, 0.8, 0.5)</volume>
            <offset>(0,0,-0.5)</offset>
          </shadowData>
        </bodyGraphicData>
        <dessicatedBodyGraphicData>
          <texPath>New/MoreThrumbos_Dessicated/DessicatedBlackThrumbo/DessicatedBlackThrumbo</texPath>
          <drawSize>5.8</drawSize>
        </dessicatedBodyGraphicData>
        <butcherBodyPart>
          <bodyPartGroup>HornAttackTool</bodyPartGroup>
          <thing>BlackThrumboHorn</thing>
        </butcherBodyPart>
      </li>
    </lifeStages>
  </PawnKindDef>
  
  <!-- ==========================SilverThrumbo============================ -->

  <ThingDef ParentName="AnimalThingBase">
    <defName>SilverThrumbo</defName>
    <label>silver thrumbo</label>
    <description>A gigantic, graceful creature of unknown origin. The thrumbo is gentle by nature, but extremely dangerous when enraged. While its long fur is exceptionally beautiful, its hide is also incredibly resistant to damage. Its razor-sharp horn fetches a huge price.\n\nLegends say that an old thrumbo is the wisest creature in the universe - it simply chooses not to speak. And this different color variation of Thrumbo is not only differently colored, but also bigger and more dangerous. It is believed these Thrumbos were geneticly made by farmers as farm/war animals, as theyr fur grows much faster and have really tastfull consumable milk. They resistence is much more higher then regular Thrumbo, and can be really dangerous.</description>
    <statBases>
      <MoveSpeed>7.1</MoveSpeed>
      <MarketValue>48800</MarketValue>
      <ComfyTemperatureMin>-85</ComfyTemperatureMin>
      <ComfyTemperatureMax>60</ComfyTemperatureMax>
      <ArmorRating_Sharp>0.60</ArmorRating_Sharp>
      <ArmorRating_Blunt>0.40</ArmorRating_Blunt>
      <ArmorRating_Heat>0.60</ArmorRating_Heat>
    </statBases>
	<uiIconScale>1.75</uiIconScale>
    <tools>
      <li>
        <label>horn</label>
        <capacities>
          <li>Scratch</li>
          <li>Stab</li>
        </capacities>
        <power>25</power>
        <cooldownTime>1.4</cooldownTime>
        <linkedBodyPartsGroup>HornAttackTool</linkedBodyPartsGroup>
      </li>
      <li>
        <capacities>
          <li>Bite</li>
        </capacities>
        <power>38</power>
        <cooldownTime>1.6</cooldownTime>
        <linkedBodyPartsGroup>Teeth</linkedBodyPartsGroup>
        <chanceFactor>0.7</chanceFactor>
      </li>
      <li>
        <label>left foot</label>
        <capacities>
          <li>Blunt</li>
        </capacities>
        <power>18</power>
        <cooldownTime>1.4</cooldownTime>
        <linkedBodyPartsGroup>FrontLeftLeg</linkedBodyPartsGroup>
      </li>
      <li>
        <label>right foot</label>
        <capacities>
          <li>Blunt</li>
        </capacities>
        <power>18</power>
        <cooldownTime>1.4</cooldownTime>
        <linkedBodyPartsGroup>FrontRightLeg</linkedBodyPartsGroup>
      </li>
      <li>
        <label>head</label>
        <capacities>
          <li>Blunt</li>
        </capacities>
        <power>19</power>
        <cooldownTime>1.4</cooldownTime>
        <linkedBodyPartsGroup>HeadAttackTool</linkedBodyPartsGroup>
        <ensureLinkedBodyPartsGroupAlwaysUsable>true</ensureLinkedBodyPartsGroupAlwaysUsable>
        <chanceFactor>0.2</chanceFactor>
      </li>
    </tools>
	<comps>
      <li Class="CompProperties_Shearable">
        <woolDef>SilverThrumboWool</woolDef>
        <shearIntervalDays>24</shearIntervalDays>
        <woolAmount>220</woolAmount>
      </li>
	  <li Class="CompProperties_Milkable">
        <milkDef>ThrumboMilk</milkDef>
        <milkIntervalDays>5</milkIntervalDays>
        <milkAmount>20</milkAmount>
      </li>
    </comps>
    <race>
      <body>QuadrupedAnimalWithHoovesAndHorn</body>
      <herdMigrationAllowed>false</herdMigrationAllowed>
      <baseBodySize>5</baseBodySize>
      <baseHungerRate>2.1</baseHungerRate>
      <baseHealthScale>12.0</baseHealthScale>
      <foodType>VegetarianRoughAnimal, DendrovoreAnimal</foodType>
      <leatherDef>BlondThrumboLeather</leatherDef>
      <trainability>Advanced</trainability>
	  <packAnimal>true</packAnimal>
      <gestationPeriodDays>30</gestationPeriodDays>
      <manhunterOnDamageChance>0.80</manhunterOnDamageChance>
      <wildness>0.485</wildness>
      <lifeExpectancy>480</lifeExpectancy>
      <lifeStageAges>
        <li>
          <def>AnimalBaby</def>
          <minAge>0</minAge>
        </li>
        <li>
          <def>AnimalJuvenile</def>
          <minAge>0.8</minAge>
        </li>
        <li>
          <def>AnimalAdult</def>
          <minAge>1.4</minAge>
          <soundCall>Pawn_Thrumbo_Call</soundCall>
          <soundAngry>Pawn_Thrumbo_Angry</soundAngry>
          <soundWounded>Pawn_Thrumbo_Pain</soundWounded>
          <soundDeath>Pawn_Thrumbo_Death</soundDeath>
        </li>
      </lifeStageAges>
      <soundMeleeHitPawn>Pawn_Melee_BigBash_HitPawn</soundMeleeHitPawn>
      <soundMeleeHitBuilding>Pawn_Melee_BigBash_HitBuilding</soundMeleeHitBuilding>
      <soundMeleeMiss>Pawn_Melee_BigBash_Miss</soundMeleeMiss>
	  <hediffGiverSets>
        <li>OrganicBlondThrumbo</li>
      </hediffGiverSets>
    </race>
    <tradeTags>
      <li>AnimalExotic</li>
    </tradeTags>
	<butcherProducts>
	    <SilverThrumboHorn>1</SilverThrumboHorn>
		<SilverThrumboWool>260</SilverThrumboWool>
	</butcherProducts>
  </ThingDef>

  <PawnKindDef ParentName="AnimalKindBase">
    <defName>SilverThrumboPawn</defName>
    <label>silver thrumbo</label>
    <race>SilverThrumbo</race>
    <combatPower>500</combatPower>
		<canArriveManhunter>false</canArriveManhunter>
    <ecoSystemWeight>1</ecoSystemWeight>
    <lifeStages>
      <li>
        <label>Silver thrumbo calf</label>
        <labelPlural>silver thrumbo calves</labelPlural>
        <bodyGraphicData>
          <texPath>New/MoreThrumbos_Pawns/SilverThrumbo/SilverThrumbo</texPath>
          <drawSize>1.0</drawSize>
          <shadowData>
            <volume>(0.4, 0.3, 0.3)</volume>
            <offset>(0,0,-0.2)</offset>
          </shadowData>
        </bodyGraphicData>
        <dessicatedBodyGraphicData>
          <texPath>New/MoreThrumbos_Dessicated/DessicatedSilverThrumbo/DessicatedSilverThrumbo</texPath>
          <drawSize>1.0</drawSize>
        </dessicatedBodyGraphicData>
      </li>
      <li>
        <bodyGraphicData>
          <texPath>New/MoreThrumbos_Pawns/SilverThrumbo/SilverThrumbo</texPath>
          <drawSize>3.5</drawSize>
          <shadowData>
            <volume>(0.7, 0.6, 0.4)</volume>
            <offset>(0,0,-0.25)</offset>
          </shadowData>
        </bodyGraphicData>
        <dessicatedBodyGraphicData>
          <texPath>New/MoreThrumbos_Dessicated/DessicatedSilverThrumbo/DessicatedSilverThrumbo</texPath>
          <drawSize>3.5</drawSize>
        </dessicatedBodyGraphicData>
      </li>
      <li>
        <bodyGraphicData>
          <texPath>New/MoreThrumbos_Pawns/SilverThrumbo/SilverThrumbo</texPath>
          <drawSize>5.5</drawSize>
          <shadowData>
            <volume>(1, 0.8, 0.5)</volume>
            <offset>(0,0,-0.5)</offset>
          </shadowData>
        </bodyGraphicData>
        <dessicatedBodyGraphicData>
          <texPath>New/MoreThrumbos_Dessicated/DessicatedSilverThrumbo/DessicatedSilverThrumbo</texPath>
          <drawSize>4.5</drawSize>
        </dessicatedBodyGraphicData>
        <butcherBodyPart>
          <bodyPartGroup>HornAttackTool</bodyPartGroup>
          <thing>SilverThrumboHorn</thing>
        </butcherBodyPart>
      </li>
    </lifeStages>
  </PawnKindDef>
  
  
  
</Defs>