﻿<?xml version="1.0" encoding="utf-8" ?>
<Defs>

<HediffDef>
    <defName>GingerThrumboRage</defName>
    <label>Thrumbo Fury</label>
    <defaultLabelColor>(255.0, 0.0, 0.00)</defaultLabelColor>
    <stages>
      <li>
        <label>Disrupted</label>
      </li>
      <li>
        <minSeverity>0.05</minSeverity>
        <label>Poked</label>
	    <painOffset>-0.35</painOffset>
        <capMods>
			<li>
				<capacity>Moving</capacity>
				<offset>0.15</offset>
			</li>
			<li>
				<capacity>Consciousness</capacity>
				<offset>0.10</offset>
			</li>
			<li>
				<capacity>Manipulation</capacity>
				<offset>0.10</offset>
			</li> 
        </capMods>
      </li>
	  
      <li>
        <minSeverity>0.10</minSeverity>
        <label>Cranky</label>
        <painOffset>-0.55</painOffset>
        <capMods>
			<li>
				<capacity>Moving</capacity>
				<offset>0.25</offset>
			</li>
			<li>
				<capacity>Consciousness</capacity>
				<offset>0.20</offset>
			</li>
			<li>
				<capacity>Manipulation</capacity>
				<offset>0.20</offset>
			</li>
        </capMods>
      </li>
	  
      <li>
        <minSeverity>0.20</minSeverity>
        <label>Angry</label>
	    <painOffset>-0.75</painOffset>
        <capMods>
			<li>
				<capacity>Moving</capacity>
				<offset>0.35</offset>
			</li>
			<li>
				<capacity>Consciousness</capacity>
				<offset>0.30</offset>
			</li>
			<li>
				<capacity>Manipulation</capacity>
				<offset>0.30</offset>
			</li>
        </capMods>
      </li>
	  
      <li>
        <minSeverity>0.30</minSeverity>
        <label>Raging</label>
		<painOffset>-1.0</painOffset>
        <capMods>
			<li>
				<capacity>Moving</capacity>
				<offset>0.45</offset>
			</li>
			<li>
				<capacity>Consciousness</capacity>
				<offset>0.40</offset>
			</li>
			<li>
				<capacity>Manipulation</capacity>
				<offset>0.40</offset>
			</li>
		</capMods>
      </li>
    </stages>
  </HediffDef>

</Defs>